Venue Name,Venue Address,Venue Address 2,Venue City,Venue State/Province,Venue Zip,Venue Country
Huntsville,,,Huntsville,,,United States
"475 Quality Circle, Huntsville",475 Quality Circle,,Huntsville,,35806,United States
"301 Voyager Way, Huntsville",301 Voyager Way,,Huntsville,,35806,United States
"1525 Perimeter Pkwy, Suite 415, Huntsville","1525 Perimeter Pkwy, Suite 415",,Huntsville,,35806,United States
"1525 Perimeter Parkway, Huntsville",1525 Perimeter Parkway,,Huntsville,,35806,United States
"Georgia Tech Research Institute | Applied Systems Laboratory, Huntsville",Georgia Tech Research Institute | Applied Systems Laboratory, 1525 Perimeter Parkway ,Huntsville,,35806,United States
"901 Explorer Blvd, Huntsville",901 Explorer Blvd,,Huntsville,,35806,United States
"1525 Permeter Parkway, Huntsville",1525 Permeter Parkway,,Huntsville,,35806,United States
"658 Discovery Dr NW, Huntsville, AL 35806, Huntsville","658 Discovery Dr NW, Huntsville, AL 35806",,Huntsville,,35806,United States
"6123 University Drive, Huntsville",6123 University Drive ,,Huntsville,,35806,United States
"8800 Redstone Gateway Boulevard, Huntsville",8800 Redstone Gateway Boulevard,,Huntsville,,35808,United States
"8800 Redstone Gateway SW #100, Huntsville",8800 Redstone Gateway SW #100,,Huntsville,,35808,United States
"8800 Redstone Gateway SW #100, Huntsville, AL",8800 Redstone Gateway SW #100,,"Huntsville, AL",,35808,United States
